{
  "properties": {
    "connectionReferences": {
      "shared_commondataserviceforapps": {
        "runtimeSource": "embedded",
        "connection": {
          "connectionReferenceLogicalName": "new_sharedcommondataserviceforapps_57f69"
        },
        "api": {
          "name": "shared_commondataserviceforapps"
        }
      },
      "shared_outlook": {
        "runtimeSource": "invoker",
        "connection": {
          "connectionReferenceLogicalName": "new_sharedoutlook_26d6c"
        },
        "api": {
          "name": "shared_outlook"
        }
      }
    },
    "definition": {
      "$schema": "https://schema.management.azure.com/providers/Microsoft.Logic/schemas/2016-06-01/workflowdefinition.json#",
      "contentVersion": "1.0.0.0",
      "parameters": {
        "$connections": {
          "defaultValue": {},
          "type": "Object"
        },
        "$authentication": {
          "defaultValue": {},
          "type": "SecureObject"
        }
      },
      "triggers": {
        "manual": {
          "metadata": {
            "operationMetadataId": "67ce60bc-b6cd-48df-bf83-db2df5caee49"
          },
          "type": "Request",
          "kind": "PowerAppV2",
          "inputs": {
            "schema": {
              "type": "object",
              "properties": {},
              "required": []
            }
          }
        }
      },
      "actions": {
        "Quando_uma_linha_é_adicionada,_modificada_ou_excluída": {
          "runAfter": {},
          "metadata": {
            "operationMetadataId": "cc3cecf5-9345-4d4c-8ef7-1008228bf368"
          },
          "type": "OpenApiConnectionWebhook",
          "inputs": {
            "host": {
              "connectionName": "shared_commondataserviceforapps",
              "operationId": "SubscribeWebhookTrigger",
              "apiId": "/providers/Microsoft.PowerApps/apis/shared_commondataserviceforapps"
            },
            "parameters": {
              "subscriptionRequest/message": 7,
              "subscriptionRequest/entityname": "dyn365_instrutor",
              "subscriptionRequest/scope": 4
            },
            "authentication": "@parameters('$authentication')"
          }
        },
        "Enviar_um_email_(V2)": {
          "runAfter": {
            "Quando_uma_linha_é_adicionada,_modificada_ou_excluída": [
              "Succeeded"
            ]
          },
          "metadata": {
            "operationMetadataId": "d0928196-1ada-40ee-9b72-49a1640ff502"
          },
          "type": "OpenApiConnection",
          "inputs": {
            "host": {
              "connectionName": "shared_outlook",
              "operationId": "SendEmailV2",
              "apiId": "/providers/Microsoft.PowerApps/apis/shared_outlook"
            },
            "parameters": {
              "emailMessage/To": "@outputs('Quando_uma_linha_é_adicionada,_modificada_ou_excluída')?['body/dyn365_emaildoinstrutor']",
              "emailMessage/Subject": "Novo curso atribuído",
              "emailMessage/Body": "<p>Olá, um novo curso foi atribuído à você.<br>\nAcesse a plataforma da DYNTech Treinamentos para mais detalhes.<br>\nQualquer dúvida, entre em contato com o suporte.</p>",
              "emailMessage/Importance": "Normal"
            },
            "authentication": "@parameters('$authentication')"
          }
        }
      }
    },
    "templateName": ""
  },
  "schemaVersion": "1.0.0.0"
}