<ImportExportXml version="9.2.23121.166" SolutionPackageVersion="9.2" languagecode="1046" generatedBy="CrmLive" xmlns:xsi="http://www.w3.org/2001/XMLSchema-instance">
  <SolutionManifest>
    <UniqueName>DYNTechTreinamentos</UniqueName>
    <LocalizedNames>
      <LocalizedName description="Solução DYN Tech Treinamentos" languagecode="1046" />
    </LocalizedNames>
    <Descriptions>
      <Description description="Solução para gestão de instituição de ensino. Desafio do Bootcamp CRM e Dynamics 365 da DIO em parceria com a Avanade." languagecode="1046" />
    </Descriptions>
    <Version>1.2.2</Version>
    <Managed>0</Managed>
    <Publisher>
      <UniqueName>dyn365treinamento</UniqueName>
      <LocalizedNames>
        <LocalizedName description="DYN365 Treinamento" languagecode="1046" />
      </LocalizedNames>
      <Descriptions>
        <Description description="Publicador da solução DYN365 Treinamento" languagecode="1046" />
      </Descriptions>
      <EMailAddress xsi:nil="true"></EMailAddress>
      <SupportingWebsiteUrl xsi:nil="true"></SupportingWebsiteUrl>
      <CustomizationPrefix>dyn365</CustomizationPrefix>
      <CustomizationOptionValuePrefix>12805</CustomizationOptionValuePrefix>
      <Addresses>
        <Address>
          <AddressNumber>1</AddressNumber>
          <AddressTypeCode>1</AddressTypeCode>
          <City xsi:nil="true"></City>
          <County xsi:nil="true"></County>
          <Country xsi:nil="true"></Country>
          <Fax xsi:nil="true"></Fax>
          <FreightTermsCode xsi:nil="true"></FreightTermsCode>
          <ImportSequenceNumber xsi:nil="true"></ImportSequenceNumber>
          <Latitude xsi:nil="true"></Latitude>
          <Line1 xsi:nil="true"></Line1>
          <Line2 xsi:nil="true"></Line2>
          <Line3 xsi:nil="true"></Line3>
          <Longitude xsi:nil="true"></Longitude>
          <Name xsi:nil="true"></Name>
          <PostalCode xsi:nil="true"></PostalCode>
          <PostOfficeBox xsi:nil="true"></PostOfficeBox>
          <PrimaryContactName xsi:nil="true"></PrimaryContactName>
          <ShippingMethodCode>1</ShippingMethodCode>
          <StateOrProvince xsi:nil="true"></StateOrProvince>
          <Telephone1 xsi:nil="true"></Telephone1>
          <Telephone2 xsi:nil="true"></Telephone2>
          <Telephone3 xsi:nil="true"></Telephone3>
          <TimeZoneRuleVersionNumber xsi:nil="true"></TimeZoneRuleVersionNumber>
          <UPSZone xsi:nil="true"></UPSZone>
          <UTCOffset xsi:nil="true"></UTCOffset>
          <UTCConversionTimeZoneCode xsi:nil="true"></UTCConversionTimeZoneCode>
        </Address>
        <Address>
          <AddressNumber>2</AddressNumber>
          <AddressTypeCode>1</AddressTypeCode>
          <City xsi:nil="true"></City>
          <County xsi:nil="true"></County>
          <Country xsi:nil="true"></Country>
          <Fax xsi:nil="true"></Fax>
          <FreightTermsCode xsi:nil="true"></FreightTermsCode>
          <ImportSequenceNumber xsi:nil="true"></ImportSequenceNumber>
          <Latitude xsi:nil="true"></Latitude>
          <Line1 xsi:nil="true"></Line1>
          <Line2 xsi:nil="true"></Line2>
          <Line3 xsi:nil="true"></Line3>
          <Longitude xsi:nil="true"></Longitude>
          <Name xsi:nil="true"></Name>
          <PostalCode xsi:nil="true"></PostalCode>
          <PostOfficeBox xsi:nil="true"></PostOfficeBox>
          <PrimaryContactName xsi:nil="true"></PrimaryContactName>
          <ShippingMethodCode>1</ShippingMethodCode>
          <StateOrProvince xsi:nil="true"></StateOrProvince>
          <Telephone1 xsi:nil="true"></Telephone1>
          <Telephone2 xsi:nil="true"></Telephone2>
          <Telephone3 xsi:nil="true"></Telephone3>
          <TimeZoneRuleVersionNumber xsi:nil="true"></TimeZoneRuleVersionNumber>
          <UPSZone xsi:nil="true"></UPSZone>
          <UTCOffset xsi:nil="true"></UTCOffset>
          <UTCConversionTimeZoneCode xsi:nil="true"></UTCConversionTimeZoneCode>
        </Address>
      </Addresses>
    </Publisher>
    <RootComponents>
      <RootComponent type="1" schemaName="dyn365_aluno" behavior="0" />
      <RootComponent type="1" schemaName="dyn365_curso" behavior="0" />
      <RootComponent type="1" schemaName="dyn365_cursoxaluno" behavior="0" />
      <RootComponent type="1" schemaName="dyn365_cursoxinstrutor" behavior="0" />
      <RootComponent type="1" schemaName="dyn365_instrutor" behavior="0" />
      <RootComponent type="29" id="{48a7ee88-08a1-ee11-a568-6045bd3a54eb}" behavior="0" />
      <RootComponent type="61" schemaName="dyn365_DYNTechHorizontal" behavior="0" />
      <RootComponent type="61" schemaName="dyn365_DYNTechLogoApp" behavior="0" />
      <RootComponent type="61" schemaName="dyn365_DYNTechSymbol" behavior="0" />
      <RootComponent type="61" schemaName="dyn365_DYN_Tech-removebg" behavior="0" />
      <RootComponent type="61" schemaName="dyn365_DYN_Tech_Symbol-sem-bg" behavior="0" />
      <RootComponent type="61" schemaName="dyn365_Script-Botao-Workbench" behavior="0" />
      <RootComponent type="61" schemaName="dyn365_validacao-Cpf-Cnpj" behavior="0" />
      <RootComponent type="62" schemaName="dyn365_DYNTechTreinamentos" behavior="0" />
      <RootComponent type="80" schemaName="dyn365_DYNTechTreinamentos" behavior="0" />
      <RootComponent type="300" schemaName="dyn365_appdyntechtreinamentos_aca52" behavior="0" />
    </RootComponents>
    <MissingDependencies>
      <MissingDependency>
        <Required type="61" schemaName="cc_MscrmControls.AcceleratedSales.SalesAccelerationSettingsControl/Images/TaskList_D365.svg" displayName="cc_MscrmControls.AcceleratedSales.SalesAccelerationSettingsControl/Images/TaskList_D365.svg" solution="msdyn_acceleratedsalessettings (9.1.23121.10004)">
          <package>msdyn_AcceleratedSalesAnchor (9.1.23121.10004)</package>
        </Required>
        <Dependent type="62" schemaName="dyn365_DYNTechTreinamentos" />
      </MissingDependency>
      <MissingDependency>
        <Required type="61" schemaName="cc_MscrmControls.SalesTrialLandingPage.SalesTrialLandingPageControl/img/Bullet.svg" displayName="cc_MscrmControls.SalesTrialLandingPage.SalesTrialLandingPageControl/img/Bullet.svg" solution="msdyn_SalesTrialApp (9.0.1.1275)" />
        <Dependent type="62" schemaName="dyn365_DYNTechTreinamentos" />
      </MissingDependency>
      <MissingDependency>
        <Required type="66" schemaName="MscrmControls.Canvas.CanvasControl" displayName="MscrmControls.Canvas.CanvasControl" solution="BaseCustomControlsCore (9.0.2311.4032)" />
        <Dependent type="60" displayName="Informações" parentDisplayName="Instrutor" id="{8e50f82a-1a1a-4555-946a-05d830ec65ad}" />
      </MissingDependency>
      <MissingDependency>
        <Required type="connectionreference" displayName="new_sharedcommondataserviceforapps_57f69" solution="Active" id.connectionreferencelogicalname="new_sharedcommondataserviceforapps_57f69" />
        <Dependent type="29" displayName="Email para Instrutor" id="{48a7ee88-08a1-ee11-a568-6045bd3a54eb}" />
      </MissingDependency>
      <MissingDependency>
        <Required type="connectionreference" displayName="new_sharedoutlook_26d6c" solution="Active" id.connectionreferencelogicalname="new_sharedoutlook_26d6c" />
        <Dependent type="29" displayName="Email para Instrutor" id="{48a7ee88-08a1-ee11-a568-6045bd3a54eb}" />
      </MissingDependency>
    </MissingDependencies>
  </SolutionManifest>
</ImportExportXml>